Id,Category
r364.jpg,bajo
s0141.jpg,moderado
k0342.jpg,moderado
s0446.jpg,nada
s0174.jpg,abundante
k0302.jpg,nada
s0899.jpg,bajo
j0318.jpg,bajo
s0477.jpg,bajo
s0005.jpg,moderado
i0091.jpg,nada
s0760.jpg,nada
i0130.jpg,bajo
k0588.jpg,nada
j0368.jpg,bajo
k0942.jpg,nada
k0701.jpg,bajo
k0770.jpg,nada
k0838.jpg,nada
j0041.jpg,abundante
j0392.jpg,nada
r581.jpg,bajo
k0192.jpg,nada
j0269.jpg,nada
s0555.jpg,excesivo
k0708.jpg,nada
k0284.jpg,nada
s0525.jpg,nada
s0985.jpg,excesivo
k0862.jpg,nada
j0301.jpg,abundante
s0833.jpg,bajo
j0352.jpg,abundante
s0548.jpg,abundante
k0844.jpg,nada
k0428.jpg,nada
r219.jpg,bajo
s0652.jpg,nada
s0587.jpg,nada
s0023.jpg,bajo
s0803.jpg,moderado
j0056.jpg,nada
r540.jpg,nada
j0249.jpg,nada
k0937.jpg,nada
s0078.jpg,moderado
i0099.jpg,excesivo
k0682.jpg,nada
k0137.jpg,nada
k0715.jpg,nada
s0858.jpg,nada
s0864.jpg,moderado
j0389.jpg,excesivo 
r183.jpg,bajo
k0095.jpg,nada
r141.jpg,excesivo
j0176.jpg,nada
r524.jpg,nada
s0164.jpg,nada
k0308.jpg,bajo
k0994.jpg,nada
j0239.jpg,nada
s0516.jpg,bajo
k0668.jpg,nada
k0683.jpg,nada
s0749.jpg,bajo
k0652.jpg,nada
r001.jpg,excesivo
s0127.jpg,bajo
k0575.jpg,nada
k0026.jpg,abundante
r333.jpg,moderado
s0012.jpg,nada
s0632.jpg,bajo
j0237.jpg,nada
i0087.jpg,nada
s0769.jpg,bajo
s0580.jpg,nada
r431.jpg,bajo
k0972.jpg,nada
s0725.jpg,nada
r394.jpg,bajo
i0197.jpg,abundante
k0046.jpg,excesivo
r382.jpg,bajo
j0300.jpg,excesivo 
k0939.jpg,nada
i0026.jpg,nada
s0149.jpg,bajo
k0407.jpg,moderado
r197.jpg,bajo
s0810.jpg,moderado
s0689.jpg,nada
r110.jpg,excesivo
s0847.jpg,nada
k0870.jpg,nada
s0848.jpg,nada
s0111.jpg,nada
r011.jpg,excesivo
s0743.jpg,nada
s0527.jpg,nada
r370.jpg,bajo
k0397.jpg,bajo
r320.jpg,bajo
k0039.jpg,moderado
r037.jpg,moderado
r277.jpg,bajo
j0399.jpg,nada
r116.jpg,bajo
s0060.jpg,moderado
r146.jpg,excesivo
s0031.jpg,bajo
i0054.jpg,bajo
s0983.jpg,abundante
r207.jpg,excesivo
s0612.jpg,bajo
k0590.jpg,nada
k0253.jpg,nada
s0509.jpg,bajo
i0174.jpg,bajo
j0226.jpg,nada
r419.jpg,bajo
k0934.jpg,bajo
k0064.jpg,bajo
s0069.jpg,nada
j0248.jpg,nada
s0144.jpg,moderado
r148.jpg,nada
s0623.jpg,bajo
s0128.jpg,bajo
s0558.jpg,excesivo
k0935.jpg,nada
j0294.jpg,nada
k0211.jpg,nada
k0419.jpg,bajo
s0971.jpg,moderado
s0975.jpg,abundante
s0246.jpg,bajo
s0505.jpg,bajo
s0988.jpg,nada
k0370.jpg,nada
s0605.jpg,bajo
r579.jpg,bajo
j0350.jpg,bajo
s0329.jpg,nada
k0930.jpg,nada
k0228.jpg,nada
s0903.jpg,abundante
r481.jpg,bajo
s0551.jpg,abundante
r087.jpg,excesivo
j0052.jpg,nada
i0112.jpg,bajo
s0552.jpg,abundante
s0156.jpg,nada
k0530.jpg,nada
s0655.jpg,bajo
k0781.jpg,bajo
s0075.jpg,bajo
k0739.jpg,nada
k0351.jpg,nada
s0673.jpg,nada
s0261.jpg,bajo
j0066.jpg,nada
k0789.jpg,nada
k0609.jpg,moderado
j0187.jpg,bajo
k0950.jpg,nada
k0968.jpg,nada
r081.jpg,bajo
k0420.jpg,nada
s0057.jpg,nada
r268.jpg,bajo
j0272.jpg,nada
k0116.jpg,nada
j0233.jpg,nada
k0386.jpg,abundante
r051.jpg,excesivo
s0529.jpg,nada
r273.jpg,bajo
k0167.jpg,nada
s0835.jpg,nada
r488.jpg,nada
k0655.jpg,bajo
k0977.jpg,nada
r435.jpg,bajo
s0198.jpg,moderado
k0264.jpg,nada
s0490.jpg,moderado
k0359.jpg,moderado
i0033.jpg,bajo
r325.jpg,bajo
s0598.jpg,nada
k0956.jpg,nada
k0094.jpg,nada
s0850.jpg,bajo
k0807.jpg,nada
s0208.jpg,nada
s0161.jpg,moderado
s0845.jpg,moderado
k0815.jpg,nada
k0266.jpg,bajo
r343.jpg,bajo
k0818.jpg,nada
r236.jpg,moderado
k0371.jpg,abundante
i0189.jpg,bajo
k0080.jpg,nada
s0502.jpg,bajo
k0634.jpg,nada
j0345.jpg,nada
r549.jpg,nada
j0193.jpg,nada
r233.jpg,moderado
r208.jpg,moderado
r525.jpg,excesivo
r355.jpg,bajo
k0101.jpg,nada
s0425.jpg,bajo
k0241.jpg,bajo
k0790.jpg,bajo
r331.jpg,abundante
s0384.jpg,abundante
s1005.jpg,bajo
r012.jpg,excesivo
j0111.jpg,nada
s0940.jpg,nada
r075.jpg,bajo
i0009.jpg,nada
s0782.jpg,abundante
k0876.jpg,nada
k0142.jpg,nada
k0808.jpg,nada
k0278.jpg,nada
i0097.jpg,moderado
s0335.jpg,excesivo
r482.jpg,excesivo
k0565.jpg,nada
s0733.jpg,nada
r436.jpg,moderado
i0080.jpg,bajo
r485.jpg,bajo
s0351.jpg,excesivo
j0171.jpg,abundante
s0070.jpg,bajo
k0822.jpg,nada
j0375.jpg,nada
k0010.jpg,nada
s0036.jpg,moderado
s0154.jpg,nada
k0541.jpg,nada
k0128.jpg,nada
k0300.jpg,bajo
k0786.jpg,nada
r008.jpg,excesivo
k0436.jpg,nada
j0360.jpg,abundante
r239.jpg,bajo
r512.jpg,moderado
r215.jpg,excesivo
s0434.jpg,bajo
s0772.jpg,nada
k0261.jpg,nada
k0110.jpg,bajo
k0453.jpg,nada
j0255.jpg,bajo
s0767.jpg,nada
j0145.jpg,bajo
k0904.jpg,nada
k0096.jpg,nada
k0076.jpg,nada
s0662.jpg,nada
k0215.jpg,nada
k0083.jpg,nada
j0166.jpg,bajo
k0087.jpg,nada
i0181.jpg,bajo
k0851.jpg,nada
s0562.jpg,excesivo
j0303.jpg,bajo
i0041.jpg,moderado
s0588.jpg,nada
j0406.jpg,excesivo 
r059.jpg,excesivo
s0259.jpg,bajo
k0067.jpg,moderado
j0004.jpg,abundante
r374.jpg,excesivo
k0894.jpg,nada
k0114.jpg,nada
r243.jpg,bajo
r380.jpg,bajo
k0836.jpg,nada
s0033.jpg,nada
s0922.jpg,bajo
j0265.jpg,nada
i0061.jpg,bajo
r044.jpg,excesivo
s0504.jpg,bajo
k0785.jpg,nada
s0009.jpg,bajo
k0161.jpg,nada
j0040.jpg,nada
s0691.jpg,bajo
s0123.jpg,nada
k0727.jpg,nada
k0665.jpg,nada
k0796.jpg,nada
s0001.jpg,nada
r337.jpg,bajo
j0420.jpg,nada
k0611.jpg,nada
k0514.jpg,bajo
r511.jpg,moderado
s0534.jpg,nada
r361.jpg,bajo
j0198.jpg,nada
j0059.jpg,bajo
j0058.jpg,nada
k0164.jpg,nada
k0523.jpg,nada
r456.jpg,bajo
k0469.jpg,nada
r569.jpg,bajo
k0250.jpg,nada
s0851.jpg,nada
k0800.jpg,nada
r165.jpg,bajo
r460.jpg,bajo
j0093.jpg,nada
s0821.jpg,nada
r530.jpg,bajo
r551.jpg,nada
k0331.jpg,nada
s0677.jpg,nada
k0722.jpg,bajo
s0863.jpg,nada
s0032.jpg,bajo
s0618.jpg,bajo
r093.jpg,nada
s0042.jpg,bajo
r377.jpg,bajo
s0488.jpg,excesivo
s0910.jpg,excesivo
s0218.jpg,bajo
s0002.jpg,nada
k0185.jpg,bajo
s0961.jpg,bajo
j0178.jpg,nada
s0003.jpg,nada
s0706.jpg,nada
r117.jpg,excesivo
s0756.jpg,nada
k0376.jpg,abundante
j0386.jpg,nada
k0477.jpg,nada
i0141.jpg,bajo
i0043.jpg,bajo
k0776.jpg,nada
k0616.jpg,bajo
s0354.jpg,nada
k1000.jpg,nada
k0569.jpg,nada
s0757.jpg,bajo
s0688.jpg,nada
j0088.jpg,nada
k0854.jpg,nada
s0330.jpg,bajo
j0214.jpg,nada
s0120.jpg,nada
r537.jpg,nada
j0003.jpg,excesivo 
r154.jpg,bajo
k0725.jpg,nada
s0390.jpg,moderado
r534.jpg,nada
s0339.jpg,moderado
k0319.jpg,nada
r452.jpg,bajo
k0621.jpg,moderado
s0707.jpg,nada
k0662.jpg,nada
k0135.jpg,nada
i0034.jpg,bajo
k0816.jpg,nada
s0944.jpg,nada
k0140.jpg,nada
i0131.jpg,bajo
s0828.jpg,bajo
s0284.jpg,bajo
r505.jpg,bajo
s0236.jpg,nada
s0923.jpg,abundante
i0188.jpg,bajo
r103.jpg,excesivo
r038.jpg,abundante
j0369.jpg,nada
r381.jpg,bajo
s0643.jpg,nada
k0362.jpg,nada
r034.jpg,excesivo
s0545.jpg,moderado
i0102.jpg,excesivo
i0148.jpg,excesivo
s0728.jpg,nada
k0175.jpg,nada
s0709.jpg,nada
k0537.jpg,abundante
s0024.jpg,bajo
k0669.jpg,nada
k0953.jpg,nada
k0463.jpg,nada
s0570.jpg,excesivo
j0139.jpg,nada
s0510.jpg,bajo
k0895.jpg,nada
s0822.jpg,bajo
i0116.jpg,excesivo
r518.jpg,bajo
k0839.jpg,nada
i0083.jpg,moderado
k0804.jpg,nada
s0660.jpg,nada
k0144.jpg,nada
s0996.jpg,bajo
s0609.jpg,bajo
k0637.jpg,nada
k0613.jpg,bajo
s0761.jpg,nada
k0555.jpg,nada
j0014.jpg,bajo
s0202.jpg,bajo
s0802.jpg,nada
k0607.jpg,nada
s0611.jpg,nada
k0564.jpg,nada
i0173.jpg,bajo
r585.jpg,bajo
i0064.jpg,abundante
i0168.jpg,bajo
k0238.jpg,nada
k0125.jpg,nada
k0920.jpg,bajo
k0354.jpg,moderado
r469.jpg,moderado
k0363.jpg,nada
k0126.jpg,nada
k0462.jpg,nada
r571.jpg,bajo
s0875.jpg,nada
i0171.jpg,bajo
s0633.jpg,nada
r106.jpg,abundante
k0907.jpg,nada
s0122.jpg,bajo
s0550.jpg,excesivo
s0016.jpg,moderado
k0352.jpg,nada
j0332.jpg,abundante
s0742.jpg,bajo
j0192.jpg,nada
r507.jpg,nada
i0149.jpg,nada
k0160.jpg,nada
k0466.jpg,nada
k0931.jpg,bajo
r258.jpg,moderado
s0797.jpg,nada
j0205.jpg,nada
k0480.jpg,nada
s0734.jpg,nada
k0778.jpg,bajo
s0686.jpg,nada
k0036.jpg,nada
s0207.jpg,bajo
s0272.jpg,nada
j0335.jpg,nada
s0765.jpg,bajo
s0007.jpg,moderado
k0719.jpg,nada
s0216.jpg,nada
k0979.jpg,nada
k0714.jpg,nada
k0159.jpg,nada
j0387.jpg,nada
s0664.jpg,bajo
k0394.jpg,abundante
k0542.jpg,bajo
r397.jpg,bajo
s0094.jpg,nada
k0470.jpg,nada
s0819.jpg,nada
j0012.jpg,nada
j0202.jpg,bajo
k0472.jpg,nada
i0007.jpg,bajo
r126.jpg,bajo
s0701.jpg,bajo
k0249.jpg,nada
i0196.jpg,excesivo
k0742.jpg,nada
s0627.jpg,bajo
s0478.jpg,moderado
i0047.jpg,abundante
k0032.jpg,nada
s0574.jpg,excesivo
k0586.jpg,nada
k0527.jpg,nada
j0262.jpg,nada
s0022.jpg,bajo
k0227.jpg,nada
s0324.jpg,nada
k0963.jpg,bajo
r429.jpg,abundante
k0102.jpg,nada
i0140.jpg,bajo
s0364.jpg,bajo
j0055.jpg,abundante
r205.jpg,bajo
i0040.jpg,bajo
i0137.jpg,bajo
r279.jpg,bajo
r150.jpg,bajo
s0321.jpg,excesivo
s0196.jpg,bajo
k0405.jpg,moderado
r003.jpg,excesivo
r021.jpg,bajo
j0131.jpg,nada
k0286.jpg,nada
r139.jpg,moderado
k0978.jpg,nada
s0458.jpg,moderado
r467.jpg,excesivo
s0113.jpg,nada
k0661.jpg,nada
s0586.jpg,nada
i0135.jpg,bajo
j0416.jpg,abundante
s0938.jpg,bajo
s0209.jpg,nada
r578.jpg,bajo
j0319.jpg,bajo
r451.jpg,bajo
k0933.jpg,bajo
r027.jpg,moderado
k0108.jpg,nada
i0114.jpg,moderado
k0199.jpg,bajo
k0279.jpg,nada
r036.jpg,abundante
r499.jpg,bajo
k0629.jpg,nada
s0523.jpg,nada
s0648.jpg,bajo
i0098.jpg,excesivo
k0491.jpg,bajo
s0893.jpg,bajo
j0291.jpg,nada
j0263.jpg,nada
r317.jpg,bajo
s0954.jpg,bajo
s0179.jpg,nada
s0389.jpg,nada
i0092.jpg,moderado
s0785.jpg,abundante
r468.jpg,excesivo
k0220.jpg,nada
s0896.jpg,bajo
r358.jpg,bajo
r259.jpg,excesivo
r099.jpg,nada
s0328.jpg,excesivo
r446.jpg,bajo
r391.jpg,bajo
s0594.jpg,nada
r174.jpg,moderado
r104.jpg,bajo
s0610.jpg,bajo
s0450.jpg,bajo
k0233.jpg,nada
s0683.jpg,nada
r531.jpg,nada
s0380.jpg,moderado
r427.jpg,bajo
k0047.jpg,nada
s0676.jpg,nada
k0333.jpg,nada
k0952.jpg,nada
s0808.jpg,bajo
r043.jpg,excesivo
j0049.jpg,nada
s0256.jpg,moderado
k0197.jpg,bajo
s0365.jpg,bajo
k0163.jpg,nada
k0754.jpg,nada
k0177.jpg,nada
k0200.jpg,nada
j0196.jpg,nada
s0702.jpg,bajo
k0476.jpg,nada
s0166.jpg,moderado
r504.jpg,bajo
r173.jpg,bajo
s0173.jpg,abundante
r410.jpg,bajo
r409.jpg,abundante
r056.jpg,excesivo
r204.jpg,bajo
r079.jpg,nada
r113.jpg,bajo
k0418.jpg,moderado
r372.jpg,abundante
s0513.jpg,nada
k0471.jpg,nada
s0089.jpg,nada
k0834.jpg,nada
k0485.jpg,moderado
r155.jpg,bajo
s0700.jpg,nada
s0210.jpg,nada
r526.jpg,nada
s0563.jpg,abundante
r275.jpg,excesivo
i0038.jpg,moderado
r476.jpg,bajo
r544.jpg,bajo
k0489.jpg,nada
k0062.jpg,nada
r131.jpg,nada
j0144.jpg,bajo
r477.jpg,bajo
s0233.jpg,abundante
k0272.jpg,nada
s0852.jpg,bajo
s0905.jpg,abundante
j0110.jpg,nada
k0429.jpg,nada
k0355.jpg,bajo
j0227.jpg,nada
s0854.jpg,nada
k0421.jpg,nada
i0100.jpg,excesivo
s0355.jpg,bajo
r082.jpg,moderado
s1011.jpg,excesivo
s0148.jpg,nada
s0538.jpg,bajo
r276.jpg,bajo
s0722.jpg,nada
k0224.jpg,nada
k0344.jpg,bajo
s0499.jpg,nada
s0117.jpg,nada
s0974.jpg,moderado
r478.jpg,bajo
r473.jpg,bajo
i0170.jpg,bajo
r545.jpg,nada
k0737.jpg,nada
k0858.jpg,nada
k0985.jpg,moderado
s0199.jpg,nada
s0941.jpg,bajo
s0176.jpg,nada
k0721.jpg,nada
j0401.jpg,nada
s0599.jpg,nada
s0556.jpg,excesivo
s0248.jpg,nada
s0053.jpg,excesivo
s0455.jpg,bajo
r538.jpg,nada
r042.jpg,excesivo
s0989.jpg,nada
k0483.jpg,nada
j0289.jpg,bajo
j0341.jpg,nada
k0797.jpg,nada
j0195.jpg,nada
i0104.jpg,excesivo
k0377.jpg,abundante
k0531.jpg,nada
j0354.jpg,abundante
s0830.jpg,nada
k0597.jpg,bajo
s0619.jpg,bajo
j0124.jpg,nada
j0419.jpg,abundante
i0103.jpg,excesivo
s0892.jpg,bajo
s0885.jpg,nada
k0153.jpg,nada
k0449.jpg,nada
k0049.jpg,nada
s0096.jpg,nada
k0165.jpg,bajo
k0769.jpg,nada
s0982.jpg,moderado
s0307.jpg,bajo
i0010.jpg,nada
j0002.jpg,abundante
j0348.jpg,nada
i0086.jpg,abundante
s0237.jpg,nada
r245.jpg,bajo
s0827.jpg,moderado
k0162.jpg,nada
r327.jpg,bajo
i0172.jpg,bajo
i0111.jpg,bajo
k0041.jpg,moderado
k0055.jpg,bajo
s0595.jpg,nada
k0415.jpg,nada
s0736.jpg,nada
s0018.jpg,bajo
s0167.jpg,moderado
s0239.jpg,moderado
j0395.jpg,excesivo 
r326.jpg,bajo
r497.jpg,bajo
k0805.jpg,nada
j0155.jpg,nada
i0022.jpg,bajo
i0169.jpg,bajo
k0888.jpg,nada
i0067.jpg,nada
r026.jpg,bajo
r495.jpg,bajo
k0403.jpg,nada
s0274.jpg,bajo
k0576.jpg,nada
k0926.jpg,nada
r357.jpg,nada
s0597.jpg,nada
s0158.jpg,moderado
i0012.jpg,nada
s0755.jpg,bajo
k0075.jpg,nada
k0971.jpg,nada
k0680.jpg,nada
s0758.jpg,bajo
r345.jpg,bajo
r029.jpg,excesivo
s0080.jpg,moderado
s0794.jpg,moderado
k0765.jpg,bajo
s0569.jpg,excesivo
k0802.jpg,nada
r163.jpg,nada
k0292.jpg,nada
k0118.jpg,nada
k0433.jpg,nada
s0932.jpg,nada
k0082.jpg,nada
k0817.jpg,moderado
s0421.jpg,nada
s0449.jpg,bajo
j0367.jpg,bajo
s0288.jpg,moderado
r138.jpg,excesivo
s0882.jpg,nada
s0674.jpg,nada
j0169.jpg,nada
k0191.jpg,nada
r560.jpg,nada
s0908.jpg,excesivo
s0309.jpg,bajo
j0357.jpg,bajo
j0103.jpg,bajo
s0886.jpg,bajo
j0211.jpg,nada
j0009.jpg,nada
i0045.jpg,bajo
r214.jpg,bajo
k0312.jpg,nada
j0379.jpg,nada
k0258.jpg,nada
k0468.jpg,nada
i0194.jpg,abundante
j0309.jpg,nada
s0193.jpg,moderado
s0260.jpg,abundante
s0800.jpg,bajo
k0612.jpg,bajo
k0244.jpg,bajo
s0979.jpg,moderado
k0437.jpg,nada
r049.jpg,excesivo
k0098.jpg,nada
s0285.jpg,nada
s0118.jpg,moderado
s0566.jpg,excesivo
r149.jpg,nada
k0042.jpg,nada
s0226.jpg,moderado
j0231.jpg,nada
k0700.jpg,bajo
s0622.jpg,nada
s0946.jpg,nada
s0650.jpg,bajo
s0327.jpg,bajo
r567.jpg,bajo
k0810.jpg,nada
s0323.jpg,nada
k0043.jpg,nada
k0991.jpg,nada
s0014.jpg,bajo
j0177.jpg,nada
s0826.jpg,bajo
s0771.jpg,bajo
j0302.jpg,bajo
s0699.jpg,nada
s0601.jpg,nada
s0966.jpg,abundante
r206.jpg,excesivo
k0990.jpg,nada
k0720.jpg,nada
k0811.jpg,nada
r432.jpg,bajo
s0165.jpg,moderado
s0554.jpg,excesivo
r053.jpg,moderado
s0646.jpg,nada
j0361.jpg,abundante
s0710.jpg,nada
k0992.jpg,nada
k0853.jpg,nada
s0368.jpg,nada
i0016.jpg,nada
j0213.jpg,nada
s0625.jpg,nada
r493.jpg,bajo
k0117.jpg,nada
k0828.jpg,nada
k0104.jpg,moderado
r533.jpg,nada
s0917.jpg,excesivo
i0001.jpg,nada
k0105.jpg,nada
k0248.jpg,nada
j0182.jpg,nada
k0970.jpg,bajo
k0314.jpg,nada
r406.jpg,moderado
s0986.jpg,bajo
k0051.jpg,bajo
j0235.jpg,nada
k0299.jpg,bajo
k0943.jpg,nada
s0630.jpg,nada
k0387.jpg,bajo
k0692.jpg,nada
j0241.jpg,nada
i0031.jpg,bajo
s0814.jpg,bajo
s0029.jpg,bajo
s0297.jpg,nada
r430.jpg,bajo
r098.jpg,excesivo
r153.jpg,nada
s0596.jpg,bajo
k0490.jpg,bajo
s0051.jpg,moderado
r316.jpg,bajo
s0448.jpg,bajo
k0902.jpg,nada
s0723.jpg,nada
r565.jpg,bajo
k0986.jpg,bajo
k0846.jpg,nada
k0774.jpg,nada
j0324.jpg,abundante
k0007.jpg,nada
j0061.jpg,excesivo 
s0809.jpg,bajo
k0180.jpg,nada
j0299.jpg,bajo
r480.jpg,excesivo
r167.jpg,bajo
j0148.jpg,bajo
j0244.jpg,bajo
r127.jpg,excesivo
s0788.jpg,nada
k0315.jpg,nada
j0048.jpg,nada
r227.jpg,bajo
r535.jpg,bajo
r065.jpg,excesivo
j0112.jpg,bajo
k0155.jpg,nada
k0442.jpg,nada
k0865.jpg,nada
k0582.jpg,nada
s0591.jpg,nada
k0879.jpg,nada
j0114.jpg,abundante
j0031.jpg,bajo
k0823.jpg,nada
s0783.jpg,nada
r147.jpg,excesivo
k0099.jpg,nada
k0380.jpg,bajo
s0418.jpg,abundante
j0150.jpg,excesivo 
k0061.jpg,nada
j0113.jpg,abundante
s0853.jpg,nada
s0881.jpg,excesivo
i0055.jpg,moderado
k0445.jpg,nada
k0014.jpg,nada
j0306.jpg,excesivo 
r496.jpg,bajo
k0205.jpg,nada
k0084.jpg,nada
s0590.jpg,nada
j0099.jpg,nada
k0556.jpg,nada
r254.jpg,excesivo
k0289.jpg,bajo
k0396.jpg,abundante
s0507.jpg,bajo
s0866.jpg,nada
s0234.jpg,abundante
s0818.jpg,bajo
j0188.jpg,bajo
r413.jpg,bajo
j0022.jpg,nada
s0043.jpg,bajo
k0484.jpg,abundante
s0967.jpg,abundante
r572.jpg,bajo
r520.jpg,moderado
s0496.jpg,nada
j0327.jpg,abundante
k0643.jpg,nada
k0740.jpg,nada
k0843.jpg,nada
j0064.jpg,nada
j0100.jpg,abundante
r119.jpg,nada
j0050.jpg,nada
k0914.jpg,nada
k0406.jpg,moderado
j0343.jpg,nada
k0059.jpg,nada
r459.jpg,bajo
s0027.jpg,bajo
k0072.jpg,nada
s0305.jpg,excesivo
j0397.jpg,nada
k0659.jpg,moderado
k0558.jpg,nada
k0230.jpg,nada
s0004.jpg,nada
s0138.jpg,moderado
s0514.jpg,nada
k0951.jpg,nada
k0334.jpg,nada
k0581.jpg,nada
k0229.jpg,nada
k0208.jpg,nada
k0464.jpg,nada
j0228.jpg,nada
s0829.jpg,nada
k0962.jpg,nada
s0283.jpg,moderado
s0263.jpg,bajo
j0072.jpg,abundante
k0544.jpg,nada
k0984.jpg,moderado
r388.jpg,bajo
k0631.jpg,nada
k0207.jpg,nada
j0109.jpg,excesivo 
i0085.jpg,bajo
s0603.jpg,moderado
j0353.jpg,abundante
r344.jpg,bajo
j0013.jpg,nada
k0980.jpg,nada
r324.jpg,bajo
r359.jpg,bajo
r346.jpg,bajo
s0512.jpg,nada
k0861.jpg,nada
k0129.jpg,nada
k0388.jpg,bajo
k0910.jpg,nada
k0120.jpg,nada
k0539.jpg,moderado
r124.jpg,bajo
k0216.jpg,nada
i0101.jpg,excesivo
k0398.jpg,abundante
j0284.jpg,nada
s0815.jpg,nada
j0117.jpg,abundante
j0391.jpg,nada
i0060.jpg,moderado
j0016.jpg,nada
r442.jpg,bajo
r194.jpg,bajo
s0920.jpg,abundante
r014.jpg,excesivo
s0565.jpg,moderado
k0193.jpg,bajo
i0090.jpg,nada
r491.jpg,nada
r506.jpg,nada
s0238.jpg,bajo
i0073.jpg,moderado
k0509.jpg,nada
r198.jpg,nada
r185.jpg,bajo
j0172.jpg,nada
s0915.jpg,excesivo
k0848.jpg,nada
s0572.jpg,excesivo
k0852.jpg,nada
s0972.jpg,bajo
r086.jpg,excesivo
k0243.jpg,bajo
j0266.jpg,nada
i0195.jpg,excesivo
k0502.jpg,nada
k0709.jpg,nada
s0366.jpg,bajo
r143.jpg,excesivo
i0179.jpg,bajo
s1014.jpg,excesivo
k0832.jpg,nada
k0731.jpg,nada
s0998.jpg,abundante
r474.jpg,bajo
k0560.jpg,nada
s0489.jpg,excesivo
k0501.jpg,nada
r018.jpg,bajo
i0109.jpg,bajo
k0340.jpg,nada
k0733.jpg,nada
s0280.jpg,moderado
s0831.jpg,nada
j0344.jpg,bajo
k0213.jpg,nada
k0348.jpg,moderado
k0696.jpg,nada
j0398.jpg,nada
k0060.jpg,nada
i0076.jpg,moderado
k0636.jpg,nada
r216.jpg,excesivo
r362.jpg,bajo
s0925.jpg,nada
s0142.jpg,moderado
s0038.jpg,bajo
k0456.jpg,bajo
k0787.jpg,nada
r156.jpg,nada
s0726.jpg,bajo
s0325.jpg,nada
s0921.jpg,abundante
s0778.jpg,moderado
k0392.jpg,nada
s0048.jpg,moderado
k0847.jpg,nada
s0433.jpg,bajo
s0711.jpg,nada
r096.jpg,nada
s0020.jpg,bajo
s0306.jpg,moderado
s0163.jpg,nada
s0040.jpg,moderado
r181.jpg,moderado
k0113.jpg,nada
r420.jpg,bajo
k0532.jpg,nada
r203.jpg,bajo
k0729.jpg,nada
k0749.jpg,bajo
s0698.jpg,nada
s0185.jpg,bajo
k0434.jpg,nada
r449.jpg,excesivo
r288.jpg,bajo
j0346.jpg,nada
k0324.jpg,bajo
k0859.jpg,nada
r201.jpg,excesivo
k0290.jpg,bajo
k0423.jpg,nada
i0011.jpg,nada
s0748.jpg,nada
s0657.jpg,nada
s0124.jpg,bajo
s0933.jpg,nada
s0337.jpg,bajo
s0314.jpg,bajo
j0051.jpg,excesivo 
s0184.jpg,moderado
k0171.jpg,nada
j0138.jpg,nada
r217.jpg,moderado
r347.jpg,bajo
r553.jpg,excesivo
j0234.jpg,nada
k0946.jpg,nada
i0062.jpg,bajo
s0775.jpg,bajo
r486.jpg,bajo
s0620.jpg,moderado
s0817.jpg,nada
r193.jpg,bajo
k0681.jpg,nada
s0277.jpg,bajo
k0997.jpg,nada
j0180.jpg,nada
s0991.jpg,bajo
r177.jpg,nada
j0330.jpg,nada
r045.jpg,excesivo
r367.jpg,bajo
k0058.jpg,nada
r349.jpg,bajo
k0184.jpg,bajo
r561.jpg,moderado
i0200.jpg,nada
k0873.jpg,nada
j0250.jpg,nada
j0297.jpg,nada
i0106.jpg,excesivo
k0959.jpg,nada
r586.jpg,bajo
k0534.jpg,nada
s0712.jpg,nada
r015.jpg,bajo
i0167.jpg,bajo
s0206.jpg,moderado
j0120.jpg,nada
j0292.jpg,nada
r286.jpg,bajo
r016.jpg,abundante
j0106.jpg,bajo
j0218.jpg,nada
s0697.jpg,nada
s0608.jpg,bajo
s0732.jpg,nada
s0180.jpg,nada
s0034.jpg,nada
j0079.jpg,nada
s0680.jpg,abundante
k0412.jpg,bajo
s0240.jpg,abundante
k0201.jpg,nada
k0735.jpg,nada
r582.jpg,bajo
r350.jpg,bajo
k0461.jpg,bajo
k0416.jpg,moderado
j0096.jpg,nada
j0270.jpg,nada
s0667.jpg,nada
s0025.jpg,moderado
s0582.jpg,nada
k0645.jpg,nada
k0694.jpg,nada
k0332.jpg,nada
k0744.jpg,nada
r354.jpg,bajo
s0275.jpg,abundante
j0380.jpg,nada
j0271.jpg,nada
k0239.jpg,bajo
k0679.jpg,moderado
s0965.jpg,excesivo
r054.jpg,moderado
k0998.jpg,nada
r399.jpg,bajo
j0190.jpg,bajo
i0042.jpg,abundante
r523.jpg,bajo
j0320.jpg,bajo
r393.jpg,abundante
r563.jpg,nada
r128.jpg,excesivo
r475.jpg,abundante
s0519.jpg,nada
r152.jpg,bajo
r574.jpg,bajo
s0076.jpg,bajo
s0008.jpg,moderado
s0795.jpg,bajo
s0665.jpg,nada
j0329.jpg,abundante
s0976.jpg,nada
r577.jpg,bajo
i0166.jpg,abundante
s0801.jpg,bajo
k0734.jpg,nada
k0414.jpg,nada
k0031.jpg,nada
s1020.jpg,abundante
r323.jpg,bajo
k0079.jpg,nada
r246.jpg,bajo
k0154.jpg,bajo
k0726.jpg,nada
r513.jpg,excesivo
i0057.jpg,abundante
s0177.jpg,nada
k0887.jpg,nada
s0977.jpg,moderado
k0584.jpg,moderado
r568.jpg,bajo
k0268.jpg,nada
k0595.jpg,nada
s0344.jpg,bajo
k0577.jpg,nada
s0823.jpg,moderado
j0179.jpg,nada
r105.jpg,bajo
r573.jpg,nada
k0251.jpg,nada
k0903.jpg,nada
s0901.jpg,nada
r161.jpg,moderado
r101.jpg,nada
k0383.jpg,nada
k0660.jpg,moderado
i0177.jpg,nada
k0166.jpg,nada
r142.jpg,excesivo
k0993.jpg,nada
k0671.jpg,bajo
s0501.jpg,nada
k0898.jpg,nada
s0294.jpg,moderado
s0642.jpg,nada
s0703.jpg,nada
s0649.jpg,bajo
k0897.jpg,nada
r466.jpg,moderado
k0594.jpg,nada
k0909.jpg,nada
r264.jpg,bajo
k0127.jpg,nada
j0298.jpg,bajo
k0077.jpg,nada
i0036.jpg,moderado
k0304.jpg,nada
s0044.jpg,bajo
k0540.jpg,nada
k0826.jpg,nada
k0025.jpg,moderado
k0212.jpg,nada
s0716.jpg,nada
j0240.jpg,nada
k0976.jpg,nada
r092.jpg,excesivo
k0821.jpg,nada
k0925.jpg,nada
k0649.jpg,bajo
s0798.jpg,bajo
k0259.jpg,nada
j0107.jpg,excesivo 
j0258.jpg,nada
s0837.jpg,nada
j0021.jpg,nada
s0095.jpg,nada
r462.jpg,excesivo
j0411.jpg,abundante
j0032.jpg,nada
k0438.jpg,nada
j0108.jpg,excesivo 
r412.jpg,bajo
s0090.jpg,bajo
r192.jpg,bajo
s0336.jpg,nada
i0008.jpg,bajo
r171.jpg,moderado
s0746.jpg,nada
k0448.jpg,nada
s0250.jpg,bajo
k0293.jpg,nada
r164.jpg,bajo
k0762.jpg,nada
r170.jpg,excesivo
s0832.jpg,nada
k0143.jpg,nada
s0151.jpg,nada
k0750.jpg,nada
s0568.jpg,excesivo
k0871.jpg,nada
s0350.jpg,nada
r522.jpg,bajo
j0046.jpg,nada
s0694.jpg,nada
s0624.jpg,nada
r062.jpg,nada
s0811.jpg,moderado
s1015.jpg,moderado
j0400.jpg,nada
r490.jpg,bajo
k0587.jpg,bajo
k0150.jpg,nada
r438.jpg,excesivo
s0245.jpg,bajo
s0964.jpg,excesivo
k0814.jpg,nada
r166.jpg,nada
r293.jpg,bajo
k0603.jpg,nada
s0604.jpg,nada
s0423.jpg,nada
s0097.jpg,nada
k0960.jpg,nada
i0144.jpg,bajo
k0923.jpg,nada
k0784.jpg,nada
k0617.jpg,nada
s0391.jpg,bajo
k0121.jpg,nada
k0837.jpg,nada
i0105.jpg,excesivo
k0919.jpg,bajo
k0690.jpg,nada
s0515.jpg,nada
r224.jpg,nada
r232.jpg,nada
j0296.jpg,nada
s0412.jpg,moderado
k0005.jpg,nada
r186.jpg,excesivo
j0405.jpg,nada
s1003.jpg,nada
k0866.jpg,nada
k0023.jpg,bajo
r112.jpg,bajo
s0467.jpg,bajo
s0271.jpg,bajo
s0228.jpg,bajo
r265.jpg,nada
k0368.jpg,nada
r315.jpg,bajo
s0087.jpg,bajo
r267.jpg,abundante
j0412.jpg,nada
r122.jpg,bajo
k0310.jpg,moderado
i0089.jpg,nada
r271.jpg,excesivo
i0030.jpg,nada
j0203.jpg,bajo
s0868.jpg,bajo
k0297.jpg,nada
s0486.jpg,excesivo
s0420.jpg,bajo
k0526.jpg,bajo
s0146.jpg,nada
j0229.jpg,bajo
j0137.jpg,nada
r248.jpg,bajo
j0336.jpg,nada
s0585.jpg,nada
k0521.jpg,nada
s0338.jpg,nada
s0713.jpg,nada
i0139.jpg,bajo
r356.jpg,bajo
j0128.jpg,nada
r328.jpg,bajo
i0180.jpg,bajo
r433.jpg,nada
k0875.jpg,nada
k0071.jpg,moderado
k0610.jpg,bajo
s0930.jpg,nada
j0232.jpg,nada
k0500.jpg,abundante
r080.jpg,bajo
s0041.jpg,bajo
k0901.jpg,nada
s0287.jpg,nada
k0605.jpg,nada
s0417.jpg,excesivo
k0889.jpg,nada
r100.jpg,bajo
j0127.jpg,nada
r247.jpg,excesivo
i0003.jpg,bajo
k0011.jpg,nada
k0296.jpg,bajo
j0083.jpg,nada
s0295.jpg,moderado
k0941.jpg,nada
s0876.jpg,nada
j0067.jpg,nada
j0261.jpg,abundante
s0312.jpg,nada
s0644.jpg,bajo
s0296.jpg,nada
k0226.jpg,nada
s0763.jpg,nada
s0115.jpg,nada
k0833.jpg,nada
r212.jpg,nada
s0251.jpg,nada
r260.jpg,excesivo
j0286.jpg,nada
s0855.jpg,moderado
k0698.jpg,nada
j0116.jpg,excesivo 
k0867.jpg,nada
k0410.jpg,moderado
r102.jpg,moderado
k0313.jpg,nada
s0895.jpg,bajo
i0093.jpg,moderado
r583.jpg,nada
k0172.jpg,nada
s0419.jpg,bajo
s0311.jpg,nada
r242.jpg,bajo
k0381.jpg,nada
r285.jpg,bajo
j0164.jpg,bajo
s0561.jpg,excesivo
s0741.jpg,nada
s0219.jpg,moderado
s0480.jpg,nada
j0201.jpg,abundante
s0796.jpg,bajo
s0584.jpg,bajo
k0635.jpg,nada
s0487.jpg,excesivo
s0315.jpg,nada
k0027.jpg,abundante
s0396.jpg,moderado
j0282.jpg,nada
r542.jpg,bajo
k0134.jpg,nada
s0682.jpg,nada
k0868.jpg,nada
k0568.jpg,bajo
k0717.jpg,nada
j0151.jpg,excesivo 
j0243.jpg,bajo
j0326.jpg,nada
r550.jpg,nada
j0162.jpg,bajo
r483.jpg,bajo
j0257.jpg,nada
j0084.jpg,nada
j0146.jpg,bajo
j0184.jpg,nada
i0024.jpg,nada
s0671.jpg,nada
j0383.jpg,abundante
s0690.jpg,nada
j0342.jpg,nada
r022.jpg,excesivo
r510.jpg,bajo
r151.jpg,bajo
s0224.jpg,moderado
r129.jpg,nada
k0999.jpg,nada
k0608.jpg,moderado
k0373.jpg,excesivo
k0391.jpg,bajo
r188.jpg,bajo
r067.jpg,nada
r404.jpg,bajo
s0317.jpg,nada
s0593.jpg,nada
k0346.jpg,nada
s0541.jpg,bajo
r498.jpg,moderado
s0349.jpg,excesivo
r237.jpg,bajo
s0067.jpg,moderado
s0011.jpg,nada
r434.jpg,bajo
s0153.jpg,nada
s0104.jpg,nada
s0546.jpg,abundante
r030.jpg,excesivo
k0987.jpg,nada
r445.jpg,bajo
i0191.jpg,excesivo
r503.jpg,excesivo
s0442.jpg,bajo
k0759.jpg,bajo
k0112.jpg,nada
r365.jpg,moderado
k0697.jpg,nada
s0735.jpg,nada
s0052.jpg,moderado
s0592.jpg,nada
r114.jpg,bajo
s0175.jpg,nada
i0075.jpg,moderado
j0140.jpg,bajo
k0277.jpg,nada
k0372.jpg,abundante
r515.jpg,bajo
s0647.jpg,bajo
s0522.jpg,bajo
i0183.jpg,bajo
s0388.jpg,abundante
i0121.jpg,abundante
s0524.jpg,nada
r210.jpg,moderado
k0136.jpg,nada
s0353.jpg,nada
k0574.jpg,nada
i0039.jpg,moderado
k0825.jpg,nada
s0997.jpg,excesivo
k0936.jpg,nada
k0973.jpg,nada
k0186.jpg,bajo
k0949.jpg,nada
k0513.jpg,nada
s0521.jpg,bajo
s0112.jpg,nada
s0651.jpg,moderado
r548.jpg,bajo
s0269.jpg,bajo
s0878.jpg,bajo
i0126.jpg,abundante
k0791.jpg,nada
s0518.jpg,moderado
k0798.jpg,nada
s0721.jpg,bajo
s0635.jpg,nada
j0090.jpg,abundante
s0675.jpg,nada
s0884.jpg,bajo
s0383.jpg,moderado
r351.jpg,bajo
k0922.jpg,bajo
i0186.jpg,moderado
k0849.jpg,nada
k0426.jpg,bajo
k0298.jpg,nada
r041.jpg,nada
k0015.jpg,bajo
j0165.jpg,bajo
k0326.jpg,nada
j0028.jpg,nada
r440.jpg,abundante
r202.jpg,moderado
s0945.jpg,nada
s0282.jpg,bajo
r010.jpg,excesivo
s0103.jpg,nada
k0347.jpg,moderado
j0209.jpg,nada
r097.jpg,excesivo
k0443.jpg,nada
r536.jpg,nada
s0773.jpg,bajo
s0379.jpg,excesivo
k0912.jpg,nada
k0614.jpg,bajo
r428.jpg,bajo
s0377.jpg,moderado
k0824.jpg,nada
k0123.jpg,nada
j0323.jpg,bajo
r211.jpg,excesivo
k0317.jpg,nada
j0364.jpg,nada
j0308.jpg,excesivo 
k0318.jpg,nada
s0740.jpg,bajo
r360.jpg,bajo
k0650.jpg,bajo
r046.jpg,moderado
s0436.jpg,bajo
k0716.jpg,nada
s0747.jpg,bajo
s0715.jpg,nada
j0091.jpg,nada
s0720.jpg,bajo
r314.jpg,nada
s0766.jpg,nada
i0077.jpg,moderado
k0981.jpg,nada
r241.jpg,bajo
r329.jpg,bajo
j0280.jpg,nada
s0015.jpg,moderado
k0473.jpg,nada
s0786.jpg,abundante
j0053.jpg,bajo
i0065.jpg,abundante
k0158.jpg,nada
k0944.jpg,nada
s0891.jpg,nada
s0631.jpg,abundante
s0577.jpg,excesivo
r269.jpg,bajo
k0214.jpg,nada
k0404.jpg,nada
j0063.jpg,nada
j0224.jpg,nada
k0209.jpg,nada
s0738.jpg,bajo
r255.jpg,excesivo
s0318.jpg,bajo
k0427.jpg,bajo
s0520.jpg,nada
r032.jpg,bajo
k0269.jpg,nada
k0357.jpg,nada
s0386.jpg,bajo
s0039.jpg,moderado
s1007.jpg,nada
k0385.jpg,abundante
k0378.jpg,nada
s0579.jpg,nada
k0593.jpg,bajo
k0703.jpg,bajo
r458.jpg,bajo
j0225.jpg,nada
s0666.jpg,nada
s0093.jpg,nada
s0942.jpg,bajo
k0831.jpg,nada
k0638.jpg,nada
r244.jpg,nada
k0908.jpg,nada
k0905.jpg,nada
k0626.jpg,bajo
k0674.jpg,nada
r052.jpg,excesivo
r061.jpg,nada
s0162.jpg,moderado
r338.jpg,bajo
s0883.jpg,bajo
r091.jpg,bajo
i0032.jpg,moderado
i0108.jpg,excesivo
r392.jpg,bajo
r341.jpg,bajo
r508.jpg,bajo
r040.jpg,moderado
r189.jpg,bajo
s0010.jpg,nada
r348.jpg,nada
s0589.jpg,bajo
j0194.jpg,bajo
k0399.jpg,bajo
k0988.jpg,nada
r368.jpg,moderado
k0107.jpg,nada
k0519.jpg,bajo
s0385.jpg,abundante
s0035.jpg,nada
s0600.jpg,bajo
i0134.jpg,bajo
j0338.jpg,nada
s0190.jpg,moderado
k0869.jpg,nada
s0557.jpg,excesivo
r184.jpg,bajo
k0382.jpg,bajo
s0888.jpg,bajo
k0336.jpg,nada
k0170.jpg,nada
s0533.jpg,nada
r025.jpg,excesivo
s0992.jpg,moderado
k0878.jpg,nada
i0051.jpg,nada
s0341.jpg,excesivo
k0400.jpg,nada
s0262.jpg,moderado
i0004.jpg,bajo
i0037.jpg,moderado
j0355.jpg,abundante
k0486.jpg,moderado
k0893.jpg,nada
r386.jpg,bajo
k0497.jpg,moderado
k0845.jpg,nada
s0730.jpg,nada
s0229.jpg,bajo
r195.jpg,moderado
s0900.jpg,bajo
i0132.jpg,bajo
k0488.jpg,nada
i0129.jpg,abundante
r123.jpg,nada
r077.jpg,bajo
k0615.jpg,nada
k0148.jpg,nada
r407.jpg,excesivo
s0705.jpg,nada
k0891.jpg,nada
k0204.jpg,nada
k0395.jpg,abundante
s0049.jpg,moderado
k0097.jpg,nada
r013.jpg,abundante
k0886.jpg,nada
r274.jpg,bajo
s0426.jpg,bajo
k0270.jpg,bajo
k0306.jpg,nada
r261.jpg,nada
k0219.jpg,nada
r055.jpg,abundante
s0638.jpg,bajo
s0981.jpg,abundante
j0149.jpg,bajo
r187.jpg,excesivo
k0559.jpg,nada
s0737.jpg,nada
r002.jpg,excesivo
s0836.jpg,nada
s0457.jpg,moderado
i0046.jpg,moderado
j0372.jpg,excesivo 
j0054.jpg,abundante
s0578.jpg,bajo
r369.jpg,bajo
r234.jpg,excesivo
j0382.jpg,nada
s0381.jpg,nada
s0073.jpg,moderado
s0973.jpg,bajo
j0125.jpg,nada
s0030.jpg,bajo
i0147.jpg,excesivo
r529.jpg,nada
k0743.jpg,nada
k0013.jpg,bajo
k0975.jpg,nada
j0315.jpg,nada
s0249.jpg,nada
j0047.jpg,nada
j0008.jpg,bajo
j0385.jpg,bajo
s0880.jpg,bajo
s0759.jpg,bajo
s0083.jpg,nada
k0478.jpg,bajo
j0130.jpg,nada
s0567.jpg,excesivo
s0160.jpg,nada
r134.jpg,excesivo
r019.jpg,bajo
j0313.jpg,excesivo 
r111.jpg,bajo
k0257.jpg,nada
s0155.jpg,nada
k0037.jpg,nada
s0717.jpg,nada
s0653.jpg,nada
i0025.jpg,nada
k0890.jpg,nada
k0475.jpg,nada
r450.jpg,bajo
s0958.jpg,bajo
r421.jpg,abundante
s0719.jpg,nada
i0175.jpg,bajo
r196.jpg,nada
s0692.jpg,nada
s0934.jpg,abundante
r107.jpg,bajo
k0525.jpg,nada
s0909.jpg,excesivo
k0474.jpg,nada
j0152.jpg,excesivo 
r133.jpg,excesivo
k0794.jpg,nada
s0028.jpg,bajo
s0573.jpg,excesivo
r418.jpg,nada
j0143.jpg,abundante
k0602.jpg,nada
s0929.jpg,excesivo
j0253.jpg,abundante
k0255.jpg,nada
k0311.jpg,nada
s0215.jpg,nada
i0142.jpg,bajo
s0244.jpg,moderado
s0063.jpg,moderado
s0978.jpg,moderado
s0540.jpg,bajo
k0338.jpg,bajo
r384.jpg,bajo
k0598.jpg,bajo
k0187.jpg,nada
k0337.jpg,nada
r415.jpg,bajo
s0435.jpg,bajo
s0696.jpg,bajo
r519.jpg,bajo
k0349.jpg,nada
k0325.jpg,nada
k0829.jpg,nada
j0001.jpg,bajo
r401.jpg,excesivo
s1006.jpg,excesivo
j0356.jpg,nada
k0639.jpg,nada
s0768.jpg,bajo
s0172.jpg,bajo
j0418.jpg,nada
k0305.jpg,nada
k0913.jpg,nada
r084.jpg,excesivo
s0906.jpg,abundante
s0466.jpg,nada
k0413.jpg,moderado
s0447.jpg,bajo
k0745.jpg,nada
s0212.jpg,moderado
k0974.jpg,nada
s0780.jpg,abundante
r176.jpg,nada
r125.jpg,nada
s0718.jpg,bajo
r072.jpg,excesivo
k0085.jpg,nada
k0287.jpg,bajo
j0328.jpg,abundante
s0980.jpg,nada
r339.jpg,bajo
k0628.jpg,nada
k0982.jpg,nada
j0413.jpg,nada
s0547.jpg,bajo
j0220.jpg,bajo
r020.jpg,bajo
k0236.jpg,bajo
k0648.jpg,bajo
s0613.jpg,moderado
r283.jpg,bajo
k0048.jpg,excesivo
k0122.jpg,nada
r228.jpg,bajo
r528.jpg,nada
s0485.jpg,excesivo
s0186.jpg,bajo
r487.jpg,nada
r414.jpg,nada
k0543.jpg,nada
j0208.jpg,nada
s0332.jpg,excesivo
i0185.jpg,bajo
s0714.jpg,nada
r280.jpg,bajo
j0189.jpg,nada
k0601.jpg,nada
s0293.jpg,moderado
i0058.jpg,bajo
r423.jpg,bajo
i0049.jpg,abundante
s0951.jpg,moderado
j0147.jpg,bajo
s0937.jpg,nada
s0970.jpg,nada
s0203.jpg,bajo
i0120.jpg,abundante
j0170.jpg,nada
s0072.jpg,bajo
s0211.jpg,moderado
k0285.jpg,nada
k0841.jpg,nada
k0017.jpg,moderado
k0967.jpg,nada
s0517.jpg,moderado
r252.jpg,bajo
j0256.jpg,bajo
k0995.jpg,nada
k0038.jpg,nada
r169.jpg,nada
r168.jpg,nada
k0653.jpg,bajo
s0634.jpg,nada
i0187.jpg,bajo
k0375.jpg,abundante
s0659.jpg,bajo
r295.jpg,bajo
k0860.jpg,nada
k0092.jpg,nada
k0885.jpg,nada
k0408.jpg,nada
s0225.jpg,nada
s0729.jpg,nada
s0536.jpg,bajo
k0929.jpg,nada
k0710.jpg,nada
i0078.jpg,moderado
s0902.jpg,abundante
s0621.jpg,nada
r253.jpg,nada
r115.jpg,excesivo
s0887.jpg,bajo
r057.jpg,nada
k0499.jpg,abundante
r543.jpg,nada
k0283.jpg,nada
r179.jpg,moderado
i0019.jpg,nada
s0459.jpg,bajo
s0137.jpg,nada
s0482.jpg,moderado
s0191.jpg,moderado
k0384.jpg,excesivo
k0078.jpg,nada
r575.jpg,bajo
j0197.jpg,nada
s0669.jpg,abundante
i0056.jpg,abundante
i0182.jpg,bajo
s0021.jpg,moderado
s0511.jpg,nada
j0331.jpg,abundante
k0713.jpg,nada
j0095.jpg,nada
j0396.jpg,excesivo 
j0273.jpg,nada
s0125.jpg,bajo
s0252.jpg,nada
k0863.jpg,nada
r371.jpg,bajo
k0040.jpg,moderado
k0247.jpg,bajo
j0174.jpg,nada
k0989.jpg,nada
s0687.jpg,nada
j0068.jpg,nada
i0070.jpg,nada
k0367.jpg,nada
s0345.jpg,moderado
j0082.jpg,nada
s0776.jpg,nada
k0130.jpg,nada
s0727.jpg,bajo
j0349.jpg,nada
k0842.jpg,bajo
s0017.jpg,bajo
i0145.jpg,excesivo
k0712.jpg,nada
s0813.jpg,bajo
i0118.jpg,abundante
k0622.jpg,moderado
k0741.jpg,nada
i0017.jpg,nada
i0018.jpg,nada
r532.jpg,bajo
s0581.jpg,bajo
j0264.jpg,nada
r048.jpg,excesivo
s0506.jpg,bajo
s0990.jpg,nada
s0188.jpg,bajo
j0278.jpg,bajo
r222.jpg,bajo
s0535.jpg,nada
i0122.jpg,abundante
k0353.jpg,nada
s0777.jpg,moderado
i0071.jpg,moderado
s0889.jpg,bajo
r319.jpg,excesivo
j0221.jpg,bajo
k0533.jpg,nada
i0021.jpg,bajo
k0983.jpg,bajo
s0993.jpg,bajo
r453.jpg,bajo
k0928.jpg,nada
k0623.jpg,nada
k0050.jpg,bajo
j0167.jpg,bajo
k0857.jpg,nada
s0454.jpg,moderado
j0279.jpg,nada
s0668.jpg,moderado
s0532.jpg,nada
s0663.jpg,nada
j0115.jpg,excesivo 
k0827.jpg,nada
k0316.jpg,nada
j0267.jpg,nada
j0215.jpg,nada
k0240.jpg,nada
j0287.jpg,excesivo 
s0526.jpg,nada
k0369.jpg,abundante
s0493.jpg,nada
r223.jpg,nada
r200.jpg,bajo
j0371.jpg,bajo
k0275.jpg,nada
s0503.jpg,nada
s0445.jpg,bajo
k0906.jpg,nada
r068.jpg,bajo
k0883.jpg,nada
k0654.jpg,nada
r291.jpg,bajo
r492.jpg,bajo
s0679.jpg,nada
k0090.jpg,nada
s0316.jpg,moderado
s0204.jpg,bajo
i0079.jpg,moderado
k0260.jpg,nada
j0370.jpg,nada
s0844.jpg,bajo
k0053.jpg,nada
j0153.jpg,nada
s0109.jpg,moderado
s0576.jpg,excesivo
k0291.jpg,nada
k0763.jpg,nada
j0362.jpg,abundante
j0288.jpg,excesivo 
k0366.jpg,nada
k0182.jpg,bajo
k0520.jpg,nada
k0724.jpg,nada
r218.jpg,excesivo
k0379.jpg,nada
k0620.jpg,bajo
s0695.jpg,nada
r136.jpg,excesivo
j0252.jpg,bajo
r175.jpg,bajo
k0237.jpg,nada
k0723.jpg,nada
s0774.jpg,bajo
s0543.jpg,moderado
k0775.jpg,nada
k0551.jpg,bajo
r069.jpg,bajo
k0232.jpg,nada
s0310.jpg,abundante
r398.jpg,bajo
k0093.jpg,nada
s0744.jpg,bajo
r330.jpg,bajo
k0591.jpg,nada
k0764.jpg,nada
s0270.jpg,nada
j0160.jpg,bajo
k0772.jpg,nada
i0115.jpg,nada
r145.jpg,bajo
s0528.jpg,nada
r447.jpg,moderado
s0143.jpg,bajo
r547.jpg,nada
k0074.jpg,nada
s0370.jpg,bajo
r073.jpg,bajo
s0947.jpg,nada
r231.jpg,nada
k0210.jpg,nada
j0381.jpg,nada
s0178.jpg,excesivo
k0856.jpg,nada
j0317.jpg,nada
k0133.jpg,nada
s0907.jpg,excesivo
i0069.jpg,nada
s0904.jpg,abundante
r060.jpg,moderado
r262.jpg,bajo
k0795.jpg,nada
r332.jpg,moderado
i0119.jpg,abundante
s0046.jpg,bajo
s0334.jpg,abundante
j0011.jpg,nada
i0002.jpg,nada
j0017.jpg,nada
k0553.jpg,nada
k0235.jpg,bajo
r366.jpg,bajo
k0021.jpg,abundante
r444.jpg,bajo
k0538.jpg,abundante
s0268.jpg,excesivo
k0358.jpg,nada
s0750.jpg,bajo
r373.jpg,abundante
s0583.jpg,nada
s0494.jpg,nada
s0047.jpg,bajo
j0175.jpg,nada
s0279.jpg,moderado
r390.jpg,excesivo
s0575.jpg,abundante
i0095.jpg,nada
s0553.jpg,excesivo
k0028.jpg,nada
j0036.jpg,nada
r297.jpg,bajo
k0948.jpg,nada
j0094.jpg,excesivo 
k0262.jpg,nada
j0129.jpg,nada
s0157.jpg,bajo
k0273.jpg,nada
s0147.jpg,bajo
i0117.jpg,excesivo
r470.jpg,excesivo
k0018.jpg,bajo
r352.jpg,nada
s0672.jpg,nada
k0899.jpg,nada
k0557.jpg,nada
s0150.jpg,abundante
s0636.jpg,bajo
s0469.jpg,bajo
s0693.jpg,bajo
j0134.jpg,nada
k0189.jpg,bajo
s0410.jpg,moderado
k0174.jpg,nada
k0938.jpg,nada
k0554.jpg,nada
s0799.jpg,nada
r521.jpg,moderado
r238.jpg,bajo
r089.jpg,bajo
r278.jpg,bajo
s0292.jpg,moderado
r162.jpg,bajo
s0935.jpg,moderado
k0149.jpg,nada
j0325.jpg,nada
k0252.jpg,nada
s0508.jpg,nada
j0407.jpg,abundante
r385.jpg,moderado
r342.jpg,bajo
k0132.jpg,nada
s0362.jpg,bajo
s0140.jpg,bajo
i0035.jpg,moderado
r076.jpg,excesivo
s1016.jpg,excesivo
r235.jpg,bajo
j0311.jpg,excesivo 
r287.jpg,bajo
k0452.jpg,nada
k0573.jpg,nada
k0024.jpg,abundante
r066.jpg,excesivo
k0732.jpg,nada
j0119.jpg,nada
j0105.jpg,bajo
k0276.jpg,nada
r389.jpg,excesivo
k0688.jpg,nada
r448.jpg,moderado
k0552.jpg,bajo
k0393.jpg,abundante
k0450.jpg,nada
k0339.jpg,nada
k0430.jpg,nada
s0348.jpg,nada
j0005.jpg,abundante
r257.jpg,moderado
s0200.jpg,nada
s0626.jpg,bajo
s0784.jpg,abundante
s0105.jpg,bajo
i0124.jpg,abundante
s0281.jpg,bajo
j0374.jpg,nada
j0388.jpg,excesivo 
k0178.jpg,nada
s0422.jpg,nada
r402.jpg,excesivo
k0961.jpg,nada
s0395.jpg,moderado
i0164.jpg,nada
j0402.jpg,nada
j0223.jpg,nada
k0730.jpg,nada
i0113.jpg,bajo
k0600.jpg,nada
s0319.jpg,nada
k0254.jpg,nada
j0377.jpg,nada
k0695.jpg,nada
k0699.jpg,nada
r580.jpg,nada
r240.jpg,bajo
k0767.jpg,nada
k0924.jpg,nada
j0242.jpg,nada
s0549.jpg,abundante
j0295.jpg,nada
s0197.jpg,nada
s0894.jpg,nada
r272.jpg,excesivo
s0968.jpg,nada
r007.jpg,excesivo
j0123.jpg,bajo
j0283.jpg,nada
k0969.jpg,nada
s0231.jpg,excesivo
r090.jpg,bajo
s0409.jpg,moderado
j0238.jpg,nada
s0614.jpg,moderado
k0570.jpg,nada
s0037.jpg,bajo
k0365.jpg,nada
s0949.jpg,nada
r078.jpg,bajo
k0819.jpg,nada
k0188.jpg,nada
k0467.jpg,nada
j0121.jpg,nada
k0431.jpg,nada
s0678.jpg,nada
s0531.jpg,nada
k0658.jpg,nada
j0075.jpg,nada
k0748.jpg,nada
s0911.jpg,excesivo
r070.jpg,moderado
s0684.jpg,nada
s0461.jpg,bajo
r063.jpg,moderado
j0417.jpg,abundante
s0859.jpg,nada
r282.jpg,moderado
r494.jpg,bajo
s0114.jpg,nada
s0107.jpg,nada
s0168.jpg,moderado
j0275.jpg,nada
s0640.jpg,nada
s0658.jpg,nada
s0860.jpg,bajo
s0369.jpg,bajo
s0936.jpg,nada
k0460.jpg,nada
k0242.jpg,bajo
j0073.jpg,nada
r514.jpg,excesivo
k0996.jpg,nada
j0410.jpg,nada
k0141.jpg,nada
s0092.jpg,nada
k0056.jpg,bajo
k0006.jpg,nada
s0820.jpg,nada
k0441.jpg,nada
r109.jpg,moderado
k0341.jpg,moderado
r455.jpg,bajo
s0483.jpg,abundante
i0178.jpg,moderado
k0892.jpg,nada
r023.jpg,excesivo
k0777.jpg,nada
k0964.jpg,nada
s0181.jpg,nada
k0624.jpg,moderado
r457.jpg,moderado
k0642.jpg,nada
i0176.jpg,bajo
k0921.jpg,bajo
i0072.jpg,moderado
s0413.jpg,bajo
r074.jpg,bajo
s0071.jpg,moderado
j0015.jpg,nada
k0656.jpg,nada
r566.jpg,bajo
i0023.jpg,nada
j0305.jpg,nada
s0086.jpg,moderado
r464.jpg,moderado
r443.jpg,bajo
k0618.jpg,bajo
k0063.jpg,nada
i0013.jpg,nada
s0424.jpg,bajo
j0285.jpg,nada
k0706.jpg,nada
s0326.jpg,nada
i0048.jpg,abundante
j0141.jpg,nada
k0567.jpg,nada
r558.jpg,nada
r405.jpg,bajo
k0206.jpg,nada
s0145.jpg,nada
j0254.jpg,nada
k0884.jpg,nada
k0100.jpg,nada
s0628.jpg,nada
j0204.jpg,nada
k0761.jpg,nada
k0115.jpg,nada
k0231.jpg,nada
r584.jpg,bajo
s0645.jpg,bajo
k0465.jpg,nada
r562.jpg,nada
r454.jpg,moderado
k0820.jpg,excesivo
k0280.jpg,nada
s0214.jpg,nada
r132.jpg,nada
i0028.jpg,nada
r541.jpg,nada
k0119.jpg,nada
r289.jpg,bajo
s0537.jpg,nada
j0191.jpg,bajo
k0496.jpg,bajo
r108.jpg,nada
s0962.jpg,nada
s0661.jpg,nada
k0670.jpg,bajo
s0387.jpg,nada
s0877.jpg,nada
k0966.jpg,nada
j0358.jpg,abundante
r472.jpg,bajo
r437.jpg,bajo
j0260.jpg,nada
s0126.jpg,bajo
k0417.jpg,bajo
k0562.jpg,nada
j0337.jpg,nada
r334.jpg,bajo
s0919.jpg,excesivo
s0255.jpg,abundante
k0374.jpg,abundante
i0006.jpg,bajo
r375.jpg,excesivo
k0619.jpg,moderado
r221.jpg,excesivo
i0193.jpg,excesivo
k0707.jpg,nada
s0867.jpg,nada
r009.jpg,excesivo
r130.jpg,excesivo
s0724.jpg,nada
k0307.jpg,bajo
s0257.jpg,moderado
s0849.jpg,abundante
s0670.jpg,abundante
j0236.jpg,nada
k0295.jpg,nada
r024.jpg,excesivo
k0152.jpg,nada
s0708.jpg,nada
r489.jpg,bajo
r439.jpg,moderado
j0126.jpg,nada
k0877.jpg,nada
r178.jpg,bajo
k0151.jpg,nada
s0939.jpg,bajo
s0916.jpg,bajo
i0198.jpg,bajo
i0052.jpg,bajo
k0806.jpg,nada
k0766.jpg,nada
s0530.jpg,bajo
k0012.jpg,bajo
s0121.jpg,nada
s0347.jpg,nada
s0764.jpg,bajo
s0560.jpg,excesivo
j0089.jpg,nada
r479.jpg,bajo
s0912.jpg,excesivo
s0865.jpg,nada
s0931.jpg,abundante
i0096.jpg,nada
r379.jpg,nada
s0077.jpg,nada
r035.jpg,moderado
i0053.jpg,nada
r509.jpg,bajo
r298.jpg,bajo
r263.jpg,bajo
r387.jpg,bajo
i0094.jpg,nada
j0133.jpg,nada
s0739.jpg,nada
i0136.jpg,bajo
r383.jpg,bajo
s0346.jpg,bajo
s0753.jpg,nada
r559.jpg,nada
s0752.jpg,bajo
i0107.jpg,excesivo
k0955.jpg,nada
k0217.jpg,nada
j0185.jpg,nada
s0862.jpg,bajo
j0339.jpg,bajo
k0578.jpg,nada
k0281.jpg,nada
s0787.jpg,nada
j0154.jpg,nada
k0672.jpg,nada
s0606.jpg,bajo
s0779.jpg,moderado
i0015.jpg,bajo
j0384.jpg,bajo
r191.jpg,bajo
r157.jpg,bajo
r556.jpg,bajo
s0927.jpg,bajo
k0173.jpg,nada
k0203.jpg,nada
s0136.jpg,nada
k0957.jpg,nada
s0781.jpg,bajo
r322.jpg,excesivo
k0294.jpg,bajo
r256.jpg,bajo
k0309.jpg,bajo
j0230.jpg,bajo
r395.jpg,bajo
i0014.jpg,bajo
r516.jpg,bajo
k0176.jpg,nada
